Buy and Hold,Strategy,Longs,Sells,Shorts,Covers,Stdev_Strategy,Stdev_Hold,Coin,Strategy_Name,Volume_Window,Price_Window,Long_Price_Window,
197.62,2442.76,3864,3862,0,0,4903.091151,434.2002572,USDT_LTC,exp_no_volume,0,4,0,2245.14
197.62,2237.81,3477,3476,0,0,4420.446062,434.2002572,USDT_LTC,exp_no_volume,0,5,0,2040.19
197.62,2179.23,4271,4269,0,0,4582.706107,434.2002572,USDT_LTC,exp_no_volume,0,3,0,1981.61
197.62,2058.63,3110,3109,0,0,3777.105347,434.2002572,USDT_LTC,exp_no_volume,0,6,0,1861.01
197.62,2052.75,4940,4938,0,0,4978.124612,434.2002572,USDT_LTC,exp_no_volume,0,2,0,1855.13
197.62,1816.81,2905,2904,0,0,3368.818351,434.2002572,USDT_LTC,exp_no_volume,0,7,0,1619.19
197.62,1460.42,2702,2701,0,0,2825.477044,434.2002572,USDT_LTC,exp_no_volume,0,8,0,1262.8
197.62,1444.53,2299,2298,0,0,2799.967217,434.2002572,USDT_LTC,exp_no_volume,0,11,0,1246.91
197.62,1374.26,2522,2521,0,0,2645.462724,434.2002572,USDT_LTC,exp_no_volume,0,9,0,1176.64
197.62,1339.2,2210,2209,0,0,2658.627309,434.2002572,USDT_LTC,exp_no_volume,0,12,0,1141.58
197.62,1302.93,2339,2338,0,0,2524.117858,434.2002572,USDT_LTC,exp_no_volume,0,10,0,1105.31
197.62,1293.89,2036,2035,0,0,2640.524862,434.2002572,USDT_LTC,exp_no_volume,0,15,0,1096.27
197.62,1286.15,2069,2068,0,0,2548.211161,434.2002572,USDT_LTC,exp_no_volume,0,14,0,1088.53
197.62,1270.13,1974,1973,0,0,2580.498968,434.2002572,USDT_LTC,exp_no_volume,0,16,0,1072.51
197.62,1145.73,2128,2127,0,0,2364.192943,434.2002572,USDT_LTC,exp_no_volume,0,13,0,948.11
197.62,1004.57,1834,1833,0,0,2033.859011,434.2002572,USDT_LTC,exp_no_volume,0,18,0,806.95
197.62,986.27,1869,1868,0,0,1986.810371,434.2002572,USDT_LTC,exp_no_volume,0,17,0,788.65
197.62,813.17,1726,1725,0,0,1635.58584,434.2002572,USDT_LTC,exp_no_volume,0,19,0,615.55
197.62,811.05,1645,1644,0,0,1769.190982,434.2002572,USDT_LTC,exp_no_volume,0,21,0,613.43
197.62,785.89,1676,1675,0,0,1597.520486,434.2002572,USDT_LTC,exp_no_volume,0,20,0,588.27
197.62,716.74,1460,1459,0,0,1466.760045,434.2002572,USDT_LTC,exp_no_volume,0,26,0,519.12
197.62,663.25,1504,1503,0,0,1388.760431,434.2002572,USDT_LTC,exp_no_volume,0,24,0,465.63
197.62,637.89,1435,1433,0,0,1323.267313,434.2002572,USDT_LTC,exp_no_volume,0,27,0,440.27
197.62,628.67,1585,1584,0,0,1353.562934,434.2002572,USDT_LTC,exp_no_volume,0,22,0,431.05
197.62,617.64,1484,1483,0,0,1317.855751,434.2002572,USDT_LTC,exp_no_volume,0,25,0,420.02
235.69,635.39,5204,5204,0,0,1819.509617,752.0568798,USDT_ADA,exp_no_volume,0,2,0,399.7
197.62,571.95,1510,1509,0,0,1211.528629,434.2002572,USDT_LTC,exp_no_volume,0,23,0,374.33
197.62,509.51,1331,1330,0,0,1067.02372,434.2002572,USDT_LTC,exp_no_volume,0,29,0,311.89
197.62,481.42,1360,1358,0,0,1002.610221,434.2002572,USDT_LTC,exp_no_volume,0,28,0,283.8
197.62,469.17,1304,1303,0,0,1010.786674,434.2002572,USDT_LTC,exp_no_volume,0,30,0,271.55
-12.85,255.54,2134,2134,0,0,650.5810639,138.1956851,USDT_DASH,exp_no_volume,0,6,0,268.39
197.62,445.11,1228,1226,0,0,1012.767197,434.2002572,USDT_LTC,exp_no_volume,0,35,0,247.49
197.62,438.38,1282,1281,0,0,969.5961305,434.2002572,USDT_LTC,exp_no_volume,0,31,0,240.76
197.62,434.44,1252,1251,0,0,975.9497549,434.2002572,USDT_LTC,exp_no_volume,0,32,0,236.82
197.62,430.49,1180,1179,0,0,1004.097586,434.2002572,USDT_LTC,exp_no_volume,0,38,0,232.87
-12.85,219,1883,1883,0,0,549.7852846,138.1956851,USDT_DASH,exp_no_volume,0,8,0,231.85
197.62,429.39,1188,1186,0,0,996.1706204,434.2002572,USDT_LTC,exp_no_volume,0,36,0,231.77
-12.85,217.42,2001,2001,0,0,557.6693995,138.1956851,USDT_DASH,exp_no_volume,0,7,0,230.27
197.62,424.97,1166,1164,0,0,996.1936143,434.2002572,USDT_LTC,exp_no_volume,0,37,0,227.35
13.31,231.72,3141,3139,0,0,1331.158912,536.2667006,USDT_XRP,exp_no_volume,0,10,0,218.41
-12.85,204.61,2555,2555,0,0,569.5426412,138.1956851,USDT_DASH,exp_no_volume,0,4,0,217.46
-12.85,204.3,2323,2323,0,0,506.7079325,138.1956851,USDT_DASH,exp_no_volume,0,5,0,217.15
13.31,229.96,3276,3274,0,0,1266.763889,536.2667006,USDT_XRP,exp_no_volume,0,9,0,216.65
197.62,410.67,1044,1043,0,0,919.4917228,434.2002572,USDT_LTC,exp_no_volume,0,48,0,213.05
13.31,224.55,2969,2967,0,0,1022.145715,536.2667006,USDT_XRP,exp_no_volume,0,11,0,211.24
-12.85,191.06,1704,1704,0,0,487.8871396,138.1956851,USDT_DASH,exp_no_volume,0,10,0,203.91
-12.85,188.9,1775,1775,0,0,492.3942068,138.1956851,USDT_DASH,exp_no_volume,0,9,0,201.75
197.62,394.63,1063,1062,0,0,883.0717793,434.2002572,USDT_LTC,exp_no_volume,0,47,0,197.01
197.62,393.55,1064,1062,0,0,867.473215,434.2002572,USDT_LTC,exp_no_volume,0,46,0,195.93
197.62,386.49,1192,1191,0,0,868.5448024,434.2002572,USDT_LTC,exp_no_volume,0,34,0,188.87
197.62,383.28,1208,1207,0,0,876.4749151,434.2002572,USDT_LTC,exp_no_volume,0,33,0,185.66
-12.85,169.19,1617,1617,0,0,420.5930777,138.1956851,USDT_DASH,exp_no_volume,0,11,0,182.04
13.31,194.47,4614,4612,0,0,1449.679936,536.2667006,USDT_XRP,exp_no_volume,0,4,0,181.16
197.62,367.13,997,996,0,0,841.6637777,434.2002572,USDT_LTC,exp_no_volume,0,51,0,169.51
197.62,367.07,980,979,0,0,835.3446761,434.2002572,USDT_LTC,exp_no_volume,0,49,0,169.45
13.31,181.46,2843,2841,0,0,883.2189942,536.2667006,USDT_XRP,exp_no_volume,0,12,0,168.15
13.31,179.55,2749,2747,0,0,933.3417638,536.2667006,USDT_XRP,exp_no_volume,0,13,0,166.24
197.62,363.63,1127,1126,0,0,859.1130317,434.2002572,USDT_LTC,exp_no_volume,0,39,0,166.01
13.31,178.46,3445,3443,0,0,1074.76087,536.2667006,USDT_XRP,exp_no_volume,0,8,0,165.15
197.62,358.34,973,972,0,0,835.9319921,434.2002572,USDT_LTC,exp_no_volume,0,52,0,160.72
-12.85,147.33,1571,1571,0,0,386.1294866,138.1956851,USDT_DASH,exp_no_volume,0,12,0,160.18
-12.85,147.29,1406,1406,0,0,380.2590185,138.1956851,USDT_DASH,exp_no_volume,0,15,0,160.14
197.62,356.9,1055,1054,0,0,780.558394,434.2002572,USDT_LTC,exp_no_volume,0,45,0,159.28
-12.85,140.65,905,905,0,0,391.8792294,138.1956851,USDT_DASH,exp_no_volume,0,35,0,153.5
-12.85,138.44,1502,1502,0,0,370.0150768,138.1956851,USDT_DASH,exp_no_volume,0,13,0,151.29
13.31,164.04,1758,1757,0,0,966.0671767,536.2667006,USDT_XRP,exp_no_volume,0,34,0,150.73
197.62,346.48,1071,1070,0,0,771.3370385,434.2002572,USDT_LTC,exp_no_volume,0,42,0,148.86
197.62,345.92,966,964,0,0,778.2703336,434.2002572,USDT_LTC,exp_no_volume,0,50,0,148.3
-12.85,135.09,2886,2886,0,0,435.9905827,138.1956851,USDT_DASH,exp_no_volume,0,3,0,147.94
197.62,344.58,1097,1095,0,0,808.6867247,434.2002572,USDT_LTC,exp_no_volume,0,40,0,146.96
0.68,146.48,2089,2089,0,0,547.5726136,307.88158,USDT_NEO,exp_no_volume,0,6,0,145.8
197.62,342.22,1088,1087,0,0,770.3929037,434.2002572,USDT_LTC,exp_no_volume,0,41,0,144.6
197.62,341.87,1062,1061,0,0,746.9429017,434.2002572,USDT_LTC,exp_no_volume,0,43,0,144.25
-12.85,131.09,1179,1179,0,0,371.9565884,138.1956851,USDT_DASH,exp_no_volume,0,21,0,143.94
13.31,155.72,1695,1695,0,0,934.8962934,536.2667006,USDT_XRP,exp_no_volume,0,36,0,142.41
-12.85,128.66,1450,1450,0,0,341.1240829,138.1956851,USDT_DASH,exp_no_volume,0,14,0,141.51
235.69,376.42,4519,4519,0,0,1045.558289,752.0568798,USDT_ADA,exp_no_volume,0,3,0,140.73
-12.85,127.53,929,929,0,0,364.4568929,138.1956851,USDT_DASH,exp_no_volume,0,33,0,140.38
13.31,153.26,1670,1670,0,0,902.0205535,536.2667006,USDT_XRP,exp_no_volume,0,37,0,139.95
-12.85,126.84,805,804,0,0,379.9115899,138.1956851,USDT_DASH,exp_no_volume,0,47,0,139.69
-12.85,125.5,1368,1368,0,0,358.2758939,138.1956851,USDT_DASH,exp_no_volume,0,16,0,138.35
-12.85,124.47,825,824,0,0,356.5130963,138.1956851,USDT_DASH,exp_no_volume,0,45,0,137.32
13.31,150.45,4225,4223,0,0,1122.346888,536.2667006,USDT_XRP,exp_no_volume,0,5,0,137.14
13.31,150.16,1727,1727,0,0,903.438005,536.2667006,USDT_XRP,exp_no_volume,0,35,0,136.85
-12.85,123.94,895,895,0,0,347.3014861,138.1956851,USDT_DASH,exp_no_volume,0,36,0,136.79
197.62,333.98,1085,1084,0,0,734.0129031,434.2002572,USDT_LTC,exp_no_volume,0,44,0,136.36
-12.85,123.06,910,910,0,0,347.4914065,138.1956851,USDT_DASH,exp_no_volume,0,34,0,135.91
13.31,148.67,3912,3910,0,0,984.4321685,536.2667006,USDT_XRP,exp_no_volume,0,6,0,135.36
-12.85,120.12,809,808,0,0,345.9666672,138.1956851,USDT_DASH,exp_no_volume,0,46,0,132.97
-12.85,119.38,835,835,0,0,348.9118734,138.1956851,USDT_DASH,exp_no_volume,0,43,0,132.23
13.31,145.11,2647,2645,0,0,778.3751381,536.2667006,USDT_XRP,exp_no_volume,0,14,0,131.8
0.68,131.56,660,659,0,0,654.5727919,307.88158,USDT_NEO,exp_no_volume,0,69,0,130.88
-12.85,116.8,832,831,0,0,348.8161181,138.1956851,USDT_DASH,exp_no_volume,0,44,0,129.65
0.68,129.84,662,661,0,0,640.3303146,307.88158,USDT_NEO,exp_no_volume,0,70,0,129.16
0.68,129.49,727,726,0,0,675.1834482,307.88158,USDT_NEO,exp_no_volume,0,61,0,128.81
-12.85,115.6,1188,1188,0,0,339.0657153,138.1956851,USDT_DASH,exp_no_volume,0,20,0,128.45
13.31,141.04,1771,1770,0,0,894.6418135,536.2667006,USDT_XRP,exp_no_volume,0,33,0,127.73
0.68,128.39,667,666,0,0,670.1256227,307.88158,USDT_NEO,exp_no_volume,0,68,0,127.71
-12.85,114.58,1080,1080,0,0,334.9355427,138.1956851,USDT_DASH,exp_no_volume,0,26,0,127.43
-12.85,113.95,861,861,0,0,319.3013467,138.1956851,USDT_DASH,exp_no_volume,0,40,0,126.8
0.68,127.11,719,718,0,0,678.0613164,307.88158,USDT_NEO,exp_no_volume,0,63,0,126.43
197.62,323.65,955,954,0,0,765.7598907,434.2002572,USDT_LTC,exp_no_volume,0,53,0,126.03
-12.85,112.46,1147,1147,0,0,332.7267694,138.1956851,USDT_DASH,exp_no_volume,0,22,0,125.31
0.68,124.31,730,729,0,0,651.5970181,307.88158,USDT_NEO,exp_no_volume,0,60,0,123.63
-12.85,110.5,848,848,0,0,323.580792,138.1956851,USDT_DASH,exp_no_volume,0,42,0,123.35
-12.85,110.13,3382,3382,0,0,380.4400409,138.1956851,USDT_DASH,exp_no_volume,0,2,0,122.98
-12.85,109.3,780,779,0,0,339.0060878,138.1956851,USDT_DASH,exp_no_volume,0,48,0,122.15
0.68,122.64,722,721,0,0,659.5759128,307.88158,USDT_NEO,exp_no_volume,0,62,0,121.96
-12.85,108.98,857,857,0,0,314.3329251,138.1956851,USDT_DASH,exp_no_volume,0,41,0,121.83
13.31,133.13,1628,1628,0,0,781.4249582,536.2667006,USDT_XRP,exp_no_volume,0,39,0,119.82
-12.85,106.87,1053,1053,0,0,324.4664297,138.1956851,USDT_DASH,exp_no_volume,0,27,0,119.72
13.31,133.01,1860,1859,0,0,902.6096823,536.2667006,USDT_XRP,exp_no_volume,0,30,0,119.7
0.68,119.41,714,713,0,0,657.0000237,307.88158,USDT_NEO,exp_no_volume,0,64,0,118.73
0.68,118.38,676,675,0,0,635.1204583,307.88158,USDT_NEO,exp_no_volume,0,67,0,117.7
13.31,130.98,1808,1807,0,0,899.7321819,536.2667006,USDT_XRP,exp_no_volume,0,32,0,117.67
-12.85,103.78,1230,1230,0,0,291.9403009,138.1956851,USDT_DASH,exp_no_volume,0,19,0,116.63
0.68,117.23,693,692,0,0,631.0926622,307.88158,USDT_NEO,exp_no_volume,0,66,0,116.55
-12.85,103.33,952,952,0,0,317.5266404,138.1956851,USDT_DASH,exp_no_volume,0,32,0,116.18
0.68,116.85,649,648,0,0,593.2712938,307.88158,USDT_NEO,exp_no_volume,0,71,0,116.17
-12.85,102.9,878,878,0,0,310.1214888,138.1956851,USDT_DASH,exp_no_volume,0,37,0,115.75
0.68,116.38,708,707,0,0,638.6452564,307.88158,USDT_NEO,exp_no_volume,0,65,0,115.7
-12.85,102.49,994,994,0,0,321.6045931,138.1956851,USDT_DASH,exp_no_volume,0,29,0,115.34
-12.85,102.19,774,773,0,0,314.3378402,138.1956851,USDT_DASH,exp_no_volume,0,49,0,115.04
13.31,128.24,1476,1476,0,0,815.85702,536.2667006,USDT_XRP,exp_no_volume,0,48,0,114.93
-12.85,102.01,1310,1310,0,0,297.7555076,138.1956851,USDT_DASH,exp_no_volume,0,17,0,114.86
-12.85,101.9,1087,1087,0,0,294.8130185,138.1956851,USDT_DASH,exp_no_volume,0,25,0,114.75
0.68,114.57,769,768,0,0,628.9585603,307.88158,USDT_NEO,exp_no_volume,0,51,0,113.89
13.31,126.98,1832,1831,0,0,859.3189699,536.2667006,USDT_XRP,exp_no_volume,0,31,0,113.67
0.68,114.08,739,738,0,0,623.6710421,307.88158,USDT_NEO,exp_no_volume,0,57,0,113.4
-12.85,100,870,870,0,0,300.641861,138.1956851,USDT_DASH,exp_no_volume,0,38,0,112.85
-12.85,99.22,1261,1261,0,0,292.5564293,138.1956851,USDT_DASH,exp_no_volume,0,18,0,112.07
0.68,112.59,728,727,0,0,617.1495438,307.88158,USDT_NEO,exp_no_volume,0,59,0,111.91
-12.85,98.68,981,981,0,0,302.6904867,138.1956851,USDT_DASH,exp_no_volume,0,30,0,111.53
13.31,124.39,1643,1643,0,0,813.3548568,536.2667006,USDT_XRP,exp_no_volume,0,38,0,111.08
-12.85,97.57,1025,1025,0,0,319.4342536,138.1956851,USDT_DASH,exp_no_volume,0,28,0,110.42
0.68,109.44,774,773,0,0,581.858024,307.88158,USDT_NEO,exp_no_volume,0,50,0,108.76
0.68,109.35,735,734,0,0,610.1432862,307.88158,USDT_NEO,exp_no_volume,0,58,0,108.67
13.31,119.16,1877,1876,0,0,773.8650251,536.2667006,USDT_XRP,exp_no_volume,0,29,0,105.85
197.62,302.87,941,940,0,0,735.091933,434.2002572,USDT_LTC,exp_no_volume,0,54,0,105.25
13.31,118.08,1438,1438,0,0,787.3035524,536.2667006,USDT_XRP,exp_no_volume,0,51,0,104.77
0.68,104.97,740,739,0,0,605.5658142,307.88158,USDT_NEO,exp_no_volume,0,56,0,104.29
0.68,103.9,799,798,0,0,572.7293537,307.88158,USDT_NEO,exp_no_volume,0,48,0,103.22
13.31,116.01,1470,1470,0,0,790.6380563,536.2667006,USDT_XRP,exp_no_volume,0,49,0,102.7
-12.85,88.99,686,685,0,0,305.8782874,138.1956851,USDT_DASH,exp_no_volume,0,67,0,101.84
-12.85,88.97,853,853,0,0,266.9549017,138.1956851,USDT_DASH,exp_no_volume,0,39,0,101.82
-12.85,88.93,1135,1135,0,0,268.2347856,138.1956851,USDT_DASH,exp_no_volume,0,23,0,101.78
-12.85,88.68,960,960,0,0,280.4287857,138.1956851,USDT_DASH,exp_no_volume,0,31,0,101.53
-12.85,88.15,767,766,0,0,293.7654726,138.1956851,USDT_DASH,exp_no_volume,0,50,0,101
-12.85,87.54,770,769,0,0,283.9294248,138.1956851,USDT_DASH,exp_no_volume,0,51,0,100.39
0.68,101.02,813,812,0,0,554.0469014,307.88158,USDT_NEO,exp_no_volume,0,47,0,100.34
13.31,113.46,1478,1478,0,0,730.6652282,536.2667006,USDT_XRP,exp_no_volume,0,47,0,100.15
0.68,100.32,641,640,0,0,518.6698658,307.88158,USDT_NEO,exp_no_volume,0,72,0,99.64
13.31,112.7,1596,1596,0,0,672.6693518,536.2667006,USDT_XRP,exp_no_volume,0,40,0,99.39
0.68,99.76,640,639,0,0,510.3576856,307.88158,USDT_NEO,exp_no_volume,0,73,0,99.08
-12.85,85.75,719,718,0,0,278.6450424,138.1956851,USDT_DASH,exp_no_volume,0,59,0,98.6
0.68,99.05,3377,3377,0,0,455.0748784,307.88158,USDT_NEO,exp_no_volume,0,2,0,98.37
-12.85,85.37,712,711,0,0,290.1680354,138.1956851,USDT_DASH,exp_no_volume,0,62,0,98.22
0.68,98.17,1934,1934,0,0,436.6523447,307.88158,USDT_NEO,exp_no_volume,0,7,0,97.49
-12.85,83.74,1097,1097,0,0,265.0937217,138.1956851,USDT_DASH,exp_no_volume,0,24,0,96.59
13.31,109.54,1481,1481,0,0,706.3779206,536.2667006,USDT_XRP,exp_no_volume,0,46,0,96.23
-12.85,83.21,720,719,0,0,279.4836279,138.1956851,USDT_DASH,exp_no_volume,0,61,0,96.06
13.31,108.96,2566,2564,0,0,727.1102582,536.2667006,USDT_XRP,exp_no_volume,0,15,0,95.65
0.68,95.89,788,787,0,0,530.9002421,307.88158,USDT_NEO,exp_no_volume,0,49,0,95.21
13.31,107.21,1906,1905,0,0,724.3201577,536.2667006,USDT_XRP,exp_no_volume,0,28,0,93.9
0.68,94.55,626,625,0,0,507.8488909,307.88158,USDT_NEO,exp_no_volume,0,76,0,93.87
197.62,291.3,909,908,0,0,707.3853025,434.2002572,USDT_LTC,exp_no_volume,0,55,0,93.68
-12.85,80.83,690,689,0,0,280.6580661,138.1956851,USDT_DASH,exp_no_volume,0,66,0,93.68
-12.85,80.47,671,670,0,0,284.1408649,138.1956851,USDT_DASH,exp_no_volume,0,68,0,93.32
0.68,93.77,757,756,0,0,576.3456741,307.88158,USDT_NEO,exp_no_volume,0,52,0,93.09
0.68,93.23,817,816,0,0,523.9521738,307.88158,USDT_NEO,exp_no_volume,0,46,0,92.55
-12.85,79.57,701,700,0,0,279.0632836,138.1956851,USDT_DASH,exp_no_volume,0,63,0,92.42
0.68,91.64,639,638,0,0,496.6591818,307.88158,USDT_NEO,exp_no_volume,0,74,0,90.96
13.31,104.11,1574,1574,0,0,680.830126,536.2667006,USDT_XRP,exp_no_volume,0,41,0,90.8
-12.85,77.93,757,756,0,0,262.8774753,138.1956851,USDT_DASH,exp_no_volume,0,52,0,90.78
-12.85,77.37,755,754,0,0,256.177661,138.1956851,USDT_DASH,exp_no_volume,0,53,0,90.22
-12.85,77.24,743,742,0,0,258.8866111,138.1956851,USDT_DASH,exp_no_volume,0,56,0,90.09
0.68,90.7,737,736,0,0,557.8524793,307.88158,USDT_NEO,exp_no_volume,0,55,0,90.02
13.31,102.79,1449,1449,0,0,729.1161873,536.2667006,USDT_XRP,exp_no_volume,0,50,0,89.48
-12.85,76.56,754,753,0,0,256.7104209,138.1956851,USDT_DASH,exp_no_volume,0,54,0,89.41
13.31,102.28,1536,1536,0,0,672.2181308,536.2667006,USDT_XRP,exp_no_volume,0,43,0,88.97
-12.85,75.99,728,727,0,0,256.8168714,138.1956851,USDT_DASH,exp_no_volume,0,58,0,88.84
0.68,88.16,613,612,0,0,507.6181398,307.88158,USDT_NEO,exp_no_volume,0,78,0,87.48
0.68,88.14,631,630,0,0,490.6241859,307.88158,USDT_NEO,exp_no_volume,0,75,0,87.46
0.68,88.05,747,746,0,0,554.3856267,307.88158,USDT_NEO,exp_no_volume,0,53,0,87.37
-12.85,74.51,689,688,0,0,267.3992994,138.1956851,USDT_DASH,exp_no_volume,0,65,0,87.36
13.31,99.54,1561,1561,0,0,653.4282369,536.2667006,USDT_XRP,exp_no_volume,0,42,0,86.23
-12.85,73.38,736,735,0,0,248.2427114,138.1956851,USDT_DASH,exp_no_volume,0,57,0,86.23
-12.85,73.11,706,705,0,0,264.2214735,138.1956851,USDT_DASH,exp_no_volume,0,60,0,85.96
13.31,98.86,1938,1937,0,0,702.5183583,536.2667006,USDT_XRP,exp_no_volume,0,27,0,85.55
13.31,98.24,1497,1497,0,0,687.4544466,536.2667006,USDT_XRP,exp_no_volume,0,45,0,84.93
-12.85,72.05,738,737,0,0,245.2814882,138.1956851,USDT_DASH,exp_no_volume,0,55,0,84.9
0.68,85.19,617,616,0,0,484.2688636,307.88158,USDT_NEO,exp_no_volume,0,77,0,84.51
197.62,280.65,903,902,0,0,678.147744,434.2002572,USDT_LTC,exp_no_volume,0,56,0,83.03
13.31,95.96,1517,1517,0,0,658.9418997,536.2667006,USDT_XRP,exp_no_volume,0,44,0,82.65
0.68,81.18,1283,1283,0,0,423.5292651,307.88158,USDT_NEO,exp_no_volume,0,17,0,80.5
0.68,80.94,611,610,0,0,474.5710704,307.88158,USDT_NEO,exp_no_volume,0,79,0,80.26
0.68,80.49,1200,1200,0,0,422.2853541,307.88158,USDT_NEO,exp_no_volume,0,20,0,79.81
-12.85,66.88,696,695,0,0,245.3270921,138.1956851,USDT_DASH,exp_no_volume,0,64,0,79.73
0.68,80.37,1821,1821,0,0,428.2103503,307.88158,USDT_NEO,exp_no_volume,0,8,0,79.69
197.62,277.17,780,779,0,0,647.0422384,434.2002572,USDT_LTC,exp_no_volume,0,73,0,79.55
0.68,80.16,743,742,0,0,522.1813041,307.88158,USDT_NEO,exp_no_volume,0,54,0,79.48
13.31,92.72,3652,3650,0,0,814.4060596,536.2667006,USDT_XRP,exp_no_volume,0,7,0,79.41
0.68,79.87,1373,1373,0,0,407.2888547,307.88158,USDT_NEO,exp_no_volume,0,15,0,79.19
13.31,92.24,2430,2428,0,0,613.6776724,536.2667006,USDT_XRP,exp_no_volume,0,17,0,78.93
0.68,78.3,1314,1314,0,0,389.0797022,307.88158,USDT_NEO,exp_no_volume,0,16,0,77.62
-12.85,64.39,663,662,0,0,251.5989847,138.1956851,USDT_DASH,exp_no_volume,0,69,0,77.24
0.68,76.69,1641,1641,0,0,373.0051163,307.88158,USDT_NEO,exp_no_volume,0,10,0,76.01
13.31,89.09,1328,1328,0,0,608.04688,536.2667006,USDT_XRP,exp_no_volume,0,58,0,75.78
-12.85,62.01,661,660,0,0,248.3045381,138.1956851,USDT_DASH,exp_no_volume,0,70,0,74.86
465.69,540.08,3884,3883,0,0,1548.891713,1107.833015,USDT_ETH,exp_no_volume,0,2,0,74.39
13.31,86.94,1418,1418,0,0,676.6247388,536.2667006,USDT_XRP,exp_no_volume,0,52,0,73.63
0.68,73.46,2259,2259,0,0,357.2811652,307.88158,USDT_NEO,exp_no_volume,0,5,0,72.78
0.68,72.6,1221,1221,0,0,404.6873519,307.88158,USDT_NEO,exp_no_volume,0,19,0,71.92
0.68,69.77,824,823,0,0,421.9245006,307.88158,USDT_NEO,exp_no_volume,0,44,0,69.09
13.31,82.06,1319,1319,0,0,568.9089162,536.2667006,USDT_XRP,exp_no_volume,0,59,0,68.75
197.62,266.1,789,788,0,0,613.2324907,434.2002572,USDT_LTC,exp_no_volume,0,74,0,68.48
197.62,266.03,803,802,0,0,662.3474727,434.2002572,USDT_LTC,exp_no_volume,0,67,0,68.41
13.31,81.01,1348,1348,0,0,628.2489289,536.2667006,USDT_XRP,exp_no_volume,0,56,0,67.7
197.62,264.38,806,805,0,0,655.637087,434.2002572,USDT_LTC,exp_no_volume,0,68,0,66.76
0.68,67.41,821,820,0,0,416.1923251,307.88158,USDT_NEO,exp_no_volume,0,45,0,66.73
13.31,79.7,1974,1973,0,0,652.7668961,536.2667006,USDT_XRP,exp_no_volume,0,26,0,66.39
-12.85,53.24,658,657,0,0,228.6655758,138.1956851,USDT_DASH,exp_no_volume,0,71,0,66.09
197.62,263.27,873,872,0,0,636.2015576,434.2002572,USDT_LTC,exp_no_volume,0,57,0,65.65
0.68,65.48,1251,1251,0,0,376.1080208,307.88158,USDT_NEO,exp_no_volume,0,18,0,64.8
-12.85,51.93,652,651,0,0,228.3854918,138.1956851,USDT_DASH,exp_no_volume,0,72,0,64.78
13.31,77.54,1339,1339,0,0,627.6675376,536.2667006,USDT_XRP,exp_no_volume,0,57,0,64.23
13.31,76.98,1357,1357,0,0,606.8638712,536.2667006,USDT_XRP,exp_no_volume,0,55,0,63.67
0.68,64.26,845,844,0,0,395.4190541,307.88158,USDT_NEO,exp_no_volume,0,41,0,63.58
0.68,63.67,2818,2818,0,0,294.9560762,307.88158,USDT_NEO,exp_no_volume,0,3,0,62.99
13.31,76.14,1386,1386,0,0,621.2143545,536.2667006,USDT_XRP,exp_no_volume,0,53,0,62.83
13.31,75.62,2367,2365,0,0,598.4925993,536.2667006,USDT_XRP,exp_no_volume,0,18,0,62.31
13.31,74.58,2104,2102,0,0,628.8910045,536.2667006,USDT_XRP,exp_no_volume,0,23,0,61.27
13.31,74.48,5087,5086,0,0,801.9141085,536.2667006,USDT_XRP,exp_no_volume,0,3,0,61.17
0.68,61.09,2483,2483,0,0,394.2775826,307.88158,USDT_NEO,exp_no_volume,0,4,0,60.41
197.62,257.53,771,770,0,0,591.1172577,434.2002572,USDT_LTC,exp_no_volume,0,75,0,59.91
0.68,59.57,1180,1180,0,0,354.6934573,307.88158,USDT_NEO,exp_no_volume,0,21,0,58.89
13.31,70.63,2059,2057,0,0,637.6319653,536.2667006,USDT_XRP,exp_no_volume,0,24,0,57.32
13.31,70.1,2032,2030,0,0,602.0559953,536.2667006,USDT_XRP,exp_no_volume,0,25,0,56.79
13.31,68.88,2506,2504,0,0,582.9860304,536.2667006,USDT_XRP,exp_no_volume,0,16,0,55.57
0.68,55.94,823,822,0,0,377.1237639,307.88158,USDT_NEO,exp_no_volume,0,43,0,55.26
0.68,55.52,1407,1407,0,0,303.9731425,307.88158,USDT_NEO,exp_no_volume,0,14,0,54.84
13.31,68.04,2283,2281,0,0,564.4438092,536.2667006,USDT_XRP,exp_no_volume,0,19,0,54.73
13.31,67.43,2153,2151,0,0,597.9804852,536.2667006,USDT_XRP,exp_no_volume,0,22,0,54.12
13.31,66.31,1368,1368,0,0,575.1233201,536.2667006,USDT_XRP,exp_no_volume,0,54,0,53
0.68,53.63,1712,1712,0,0,345.264348,307.88158,USDT_NEO,exp_no_volume,0,9,0,52.95
0.68,53.16,833,832,0,0,374.9709474,307.88158,USDT_NEO,exp_no_volume,0,42,0,52.48
197.62,249.2,759,758,0,0,598.0107406,434.2002572,USDT_LTC,exp_no_volume,0,78,0,51.58
-12.85,37.68,638,637,0,0,189.6762522,138.1956851,USDT_DASH,exp_no_volume,0,73,0,50.53
13.31,63.22,1232,1232,0,0,412.3321461,536.2667006,USDT_XRP,exp_no_volume,0,67,0,49.91
197.62,245.58,779,778,0,0,593.775738,434.2002572,USDT_LTC,exp_no_volume,0,77,0,47.96
13.31,60.87,5813,5811,0,0,910.8710824,536.2667006,USDT_XRP,exp_no_volume,0,2,0,47.56
0.68,48.14,1574,1574,0,0,276.9518232,307.88158,USDT_NEO,exp_no_volume,0,11,0,47.46
0.68,47.83,843,842,0,0,349.2525479,307.88158,USDT_NEO,exp_no_volume,0,40,0,47.15
197.62,244.73,783,782,0,0,585.3679643,434.2002572,USDT_LTC,exp_no_volume,0,72,0,47.11
0.68,47.69,845,844,0,0,349.4333076,307.88158,USDT_NEO,exp_no_volume,0,39,0,47.01
-12.85,34.14,638,637,0,0,182.6661329,138.1956851,USDT_DASH,exp_no_volume,0,74,0,46.99
197.62,244.4,794,793,0,0,605.8185977,434.2002572,USDT_LTC,exp_no_volume,0,69,0,46.78
13.31,59.94,1296,1296,0,0,488.2497789,536.2667006,USDT_XRP,exp_no_volume,0,61,0,46.63
197.62,243.75,788,787,0,0,594.0688877,434.2002572,USDT_LTC,exp_no_volume,0,70,0,46.13
197.62,243.59,824,823,0,0,598.1157847,434.2002572,USDT_LTC,exp_no_volume,0,62,0,45.97
13.31,58.51,1279,1279,0,0,482.1623272,536.2667006,USDT_XRP,exp_no_volume,0,63,0,45.2
13.31,57.81,1196,1196,0,0,379.8325611,536.2667006,USDT_XRP,exp_no_volume,0,70,0,44.5
-12.85,31.17,623,622,0,0,192.2504387,138.1956851,USDT_DASH,exp_no_volume,0,76,0,44.02
13.31,56.7,1217,1217,0,0,380.2863262,536.2667006,USDT_XRP,exp_no_volume,0,68,0,43.39
13.31,56.22,1204,1204,0,0,373.4921772,536.2667006,USDT_XRP,exp_no_volume,0,69,0,42.91
-12.85,30.04,634,633,0,0,183.6084893,138.1956851,USDT_DASH,exp_no_volume,0,75,0,42.89
197.62,239.74,787,786,0,0,563.6370692,434.2002572,USDT_LTC,exp_no_volume,0,76,0,42.12
197.62,238.95,872,871,0,0,579.7922043,434.2002572,USDT_LTC,exp_no_volume,0,59,0,41.33
0.68,41.95,860,859,0,0,339.5134827,307.88158,USDT_NEO,exp_no_volume,0,38,0,41.27
13.31,54.41,1294,1294,0,0,474.4100354,536.2667006,USDT_XRP,exp_no_volume,0,62,0,41.1
197.62,238.69,816,815,0,0,605.4537661,434.2002572,USDT_LTC,exp_no_volume,0,66,0,41.07
0.68,40.75,1156,1155,0,0,291.6704189,307.88158,USDT_NEO,exp_no_volume,0,22,0,40.07
13.31,53.22,1142,1142,0,0,343.6423582,536.2667006,USDT_XRP,exp_no_volume,0,75,0,39.91
13.31,52.92,2184,2182,0,0,537.4776762,536.2667006,USDT_XRP,exp_no_volume,0,21,0,39.61
0.68,40.2,926,925,0,0,330.2428586,307.88158,USDT_NEO,exp_no_volume,0,33,0,39.52
0.68,39.52,882,881,0,0,340.5560384,307.88158,USDT_NEO,exp_no_volume,0,36,0,38.84
-12.85,24.97,624,623,0,0,186.1571846,138.1956851,USDT_DASH,exp_no_volume,0,77,0,37.82
13.31,51.01,2233,2231,0,0,533.7993128,536.2667006,USDT_XRP,exp_no_volume,0,20,0,37.7
13.31,50.88,1143,1143,0,0,341.4667928,536.2667006,USDT_XRP,exp_no_volume,0,74,0,37.57
0.68,38.22,1072,1071,0,0,303.7240937,307.88158,USDT_NEO,exp_no_volume,0,25,0,37.54
0.68,38.08,1003,1002,0,0,324.2943121,307.88158,USDT_NEO,exp_no_volume,0,28,0,37.4
13.31,50.58,1304,1304,0,0,475.5046735,536.2667006,USDT_XRP,exp_no_volume,0,60,0,37.27
0.68,37.89,941,940,0,0,323.9202984,307.88158,USDT_NEO,exp_no_volume,0,32,0,37.21
197.62,234.71,817,816,0,0,617.0176887,434.2002572,USDT_LTC,exp_no_volume,0,64,0,37.09
0.68,37.71,1490,1490,0,0,260.7845374,307.88158,USDT_NEO,exp_no_volume,0,12,0,37.03
197.62,234.65,847,846,0,0,569.0113144,434.2002572,USDT_LTC,exp_no_volume,0,58,0,37.03
-12.85,24.16,612,611,0,0,193.0771833,138.1956851,USDT_DASH,exp_no_volume,0,79,0,37.01
0.68,37.6,1107,1106,0,0,290.2623592,307.88158,USDT_NEO,exp_no_volume,0,24,0,36.92
0.68,36.95,983,982,0,0,332.1057384,307.88158,USDT_NEO,exp_no_volume,0,29,0,36.27
13.31,49.28,1185,1185,0,0,355.5217842,536.2667006,USDT_XRP,exp_no_volume,0,71,0,35.97
13.31,49.2,1148,1148,0,0,340.2264743,536.2667006,USDT_XRP,exp_no_volume,0,73,0,35.89
0.68,35.7,1135,1134,0,0,276.8315781,307.88158,USDT_NEO,exp_no_volume,0,23,0,35.02
197.62,232.37,805,804,0,0,602.3044082,434.2002572,USDT_LTC,exp_no_volume,0,65,0,34.75
0.68,35.17,1022,1021,0,0,332.4091645,307.88158,USDT_NEO,exp_no_volume,0,27,0,34.49
-12.85,21.18,614,613,0,0,180.831572,138.1956851,USDT_DASH,exp_no_volume,0,78,0,34.03
13.31,45.84,1247,1247,0,0,430.0832588,536.2667006,USDT_XRP,exp_no_volume,0,66,0,32.53
0.68,33.08,873,872,0,0,324.417961,307.88158,USDT_NEO,exp_no_volume,0,37,0,32.4
13.31,44.64,1256,1256,0,0,416.3609402,536.2667006,USDT_XRP,exp_no_volume,0,65,0,31.33
13.31,44.61,1263,1263,0,0,422.8379179,536.2667006,USDT_XRP,exp_no_volume,0,64,0,31.3
0.68,31.42,956,955,0,0,312.0884799,307.88158,USDT_NEO,exp_no_volume,0,30,0,30.74
0.68,30.28,906,905,0,0,305.7366386,307.88158,USDT_NEO,exp_no_volume,0,34,0,29.6
0.68,30.19,951,950,0,0,293.4814853,307.88158,USDT_NEO,exp_no_volume,0,31,0,29.51
0.68,29.45,1446,1446,0,0,234.7684577,307.88158,USDT_NEO,exp_no_volume,0,13,0,28.77
0.68,29.26,885,884,0,0,297.6712949,307.88158,USDT_NEO,exp_no_volume,0,35,0,28.58
13.31,41.76,1135,1135,0,0,350.8498673,536.2667006,USDT_XRP,exp_no_volume,0,76,0,28.45
197.62,225.48,843,842,0,0,541.6567787,434.2002572,USDT_LTC,exp_no_volume,0,60,0,27.86
197.62,225.13,791,790,0,0,565.6637369,434.2002572,USDT_LTC,exp_no_volume,0,63,0,27.51
197.62,225.1,777,776,0,0,563.2948641,434.2002572,USDT_LTC,exp_no_volume,0,71,0,27.48
0.68,27.5,1049,1048,0,0,295.8344,307.88158,USDT_NEO,exp_no_volume,0,26,0,26.82
13.31,38.38,1156,1156,0,0,322.2413601,536.2667006,USDT_XRP,exp_no_volume,0,72,0,25.07
13.31,35.12,1119,1119,0,0,340.7921387,536.2667006,USDT_XRP,exp_no_volume,0,77,0,21.81
197.62,218.28,745,744,0,0,523.7210292,434.2002572,USDT_LTC,exp_no_volume,0,79,0,20.66
13.31,32.71,1106,1106,0,0,331.605176,536.2667006,USDT_XRP,exp_no_volume,0,78,0,19.4
197.62,215.79,813,812,0,0,532.0498147,434.2002572,USDT_LTC,exp_no_volume,0,61,0,18.17
13.31,26.3,1089,1089,0,0,322.9892449,536.2667006,USDT_XRP,exp_no_volume,0,79,0,12.99
-12.85,-11.55,1,0,0,0,140.2750994,138.1956851,USDT_DASH,exp_no_volume,0,1,0,1.3
0.68,0.92,1,0,0,0,308.6221509,307.88158,USDT_NEO,exp_no_volume,0,1,0,0.24
13.31,13.07,2,0,0,0,535.1284014,536.2667006,USDT_XRP,exp_no_volume,0,1,0,-0.24
300.87,299.78,1,0,0,0,589.0347151,590.3701844,USDT_BTC,exp_no_volume,0,1,0,-1.09
197.62,196.32,2,0,0,0,432.3912976,434.2002572,USDT_LTC,exp_no_volume,0,1,0,-1.3
465.69,460.71,1,0,0,0,1098.253523,1107.833015,USDT_ETH,exp_no_volume,0,1,0,-4.98
235.69,230.27,2,0,0,0,739.9198893,752.0568798,USDT_ADA,exp_no_volume,0,1,0,-5.42
235.69,218.38,4031,4031,0,0,648.5046899,752.0568798,USDT_ADA,exp_no_volume,0,4,0,-17.31
235.69,205.03,1497,1497,0,0,574.1835209,752.0568798,USDT_ADA,exp_no_volume,0,35,0,-30.66
235.69,204.07,1418,1418,0,0,566.5231037,752.0568798,USDT_ADA,exp_no_volume,0,40,0,-31.62
235.69,198.99,1399,1399,0,0,535.8338468,752.0568798,USDT_ADA,exp_no_volume,0,41,0,-36.7
465.69,428.61,3288,3287,0,0,1043.192892,1107.833015,USDT_ETH,exp_no_volume,0,3,0,-37.08
235.69,198.22,1438,1438,0,0,520.1625667,752.0568798,USDT_ADA,exp_no_volume,0,39,0,-37.47
235.69,195.96,3665,3665,0,0,594.2689266,752.0568798,USDT_ADA,exp_no_volume,0,5,0,-39.73
235.69,189.99,1369,1369,0,0,512.6262341,752.0568798,USDT_ADA,exp_no_volume,0,44,0,-45.7
235.69,189.02,1383,1383,0,0,511.3998727,752.0568798,USDT_ADA,exp_no_volume,0,43,0,-46.67
235.69,188.34,1449,1449,0,0,505.3777889,752.0568798,USDT_ADA,exp_no_volume,0,38,0,-47.35
235.69,185.9,1472,1472,0,0,517.7367428,752.0568798,USDT_ADA,exp_no_volume,0,36,0,-49.79
235.69,180.7,1384,1384,0,0,493.5203653,752.0568798,USDT_ADA,exp_no_volume,0,42,0,-54.99
235.69,171.14,1457,1457,0,0,480.6716335,752.0568798,USDT_ADA,exp_no_volume,0,37,0,-64.55
235.69,168.45,1286,1286,0,0,445.1909366,752.0568798,USDT_ADA,exp_no_volume,0,49,0,-67.24
235.69,166.23,1506,1506,0,0,491.0129317,752.0568798,USDT_ADA,exp_no_volume,0,34,0,-69.46
235.69,158.59,1353,1353,0,0,447.8305842,752.0568798,USDT_ADA,exp_no_volume,0,45,0,-77.1
235.69,152.96,3146,3146,0,0,492.6128552,752.0568798,USDT_ADA,exp_no_volume,0,7,0,-82.73
235.69,152.54,1243,1243,0,0,416.4983571,752.0568798,USDT_ADA,exp_no_volume,0,52,0,-83.15
235.69,151.85,1523,1523,0,0,466.9948183,752.0568798,USDT_ADA,exp_no_volume,0,33,0,-83.84
235.69,151.27,1321,1321,0,0,422.3248023,752.0568798,USDT_ADA,exp_no_volume,0,47,0,-84.42
235.69,149.55,1260,1260,0,0,401.4433268,752.0568798,USDT_ADA,exp_no_volume,0,51,0,-86.14
235.69,147.93,1298,1298,0,0,398.9251028,752.0568798,USDT_ADA,exp_no_volume,0,48,0,-87.76
235.69,144.95,1335,1335,0,0,421.5919332,752.0568798,USDT_ADA,exp_no_volume,0,46,0,-90.74
235.69,144.29,1265,1265,0,0,389.0353725,752.0568798,USDT_ADA,exp_no_volume,0,50,0,-91.4
235.69,141.54,1535,1535,0,0,442.1334445,752.0568798,USDT_ADA,exp_no_volume,0,32,0,-94.15
235.69,133.52,1196,1196,0,0,369.4411391,752.0568798,USDT_ADA,exp_no_volume,0,55,0,-102.17
235.69,132.61,1131,1131,0,0,368.0063902,752.0568798,USDT_ADA,exp_no_volume,0,61,0,-103.08
235.69,131.48,1563,1563,0,0,422.7182527,752.0568798,USDT_ADA,exp_no_volume,0,31,0,-104.21
235.69,131.1,1172,1172,0,0,361.4646293,752.0568798,USDT_ADA,exp_no_volume,0,57,0,-104.59
235.69,130.02,1229,1229,0,0,370.6124128,752.0568798,USDT_ADA,exp_no_volume,0,53,0,-105.67
235.69,129.48,1170,1170,0,0,354.5114888,752.0568798,USDT_ADA,exp_no_volume,0,58,0,-106.21
235.69,129.36,1121,1121,0,0,359.2924034,752.0568798,USDT_ADA,exp_no_volume,0,62,0,-106.33
235.69,128.48,1204,1204,0,0,353.6291849,752.0568798,USDT_ADA,exp_no_volume,0,54,0,-107.21
235.69,127.66,1102,1102,0,0,349.3574332,752.0568798,USDT_ADA,exp_no_volume,0,63,0,-108.03
235.69,126.73,1140,1140,0,0,352.7499195,752.0568798,USDT_ADA,exp_no_volume,0,60,0,-108.96
235.69,126.03,1177,1177,0,0,348.1507578,752.0568798,USDT_ADA,exp_no_volume,0,56,0,-109.66
235.69,124.6,1158,1158,0,0,348.4731246,752.0568798,USDT_ADA,exp_no_volume,0,59,0,-111.09
235.69,122.72,1093,1093,0,0,345.297366,752.0568798,USDT_ADA,exp_no_volume,0,64,0,-112.97
235.69,120.26,3392,3392,0,0,411.9942515,752.0568798,USDT_ADA,exp_no_volume,0,6,0,-115.43
235.69,116.04,1052,1052,0,0,348.9197795,752.0568798,USDT_ADA,exp_no_volume,0,69,0,-119.65
300.87,181.01,3833,3832,0,0,404.6512792,590.3701844,USDT_BTC,exp_no_volume,0,2,0,-119.86
235.69,115.3,1082,1082,0,0,333.5918767,752.0568798,USDT_ADA,exp_no_volume,0,65,0,-120.39
235.69,112.83,1062,1062,0,0,324.3267785,752.0568798,USDT_ADA,exp_no_volume,0,68,0,-122.86
235.69,108.12,1047,1047,0,0,332.9789992,752.0568798,USDT_ADA,exp_no_volume,0,70,0,-127.57
235.69,107.07,1066,1066,0,0,320.7969223,752.0568798,USDT_ADA,exp_no_volume,0,67,0,-128.62
235.69,102.26,1589,1589,0,0,371.1957555,752.0568798,USDT_ADA,exp_no_volume,0,30,0,-133.43
235.69,102.07,1076,1076,0,0,304.3792922,752.0568798,USDT_ADA,exp_no_volume,0,66,0,-133.62
235.69,95.64,2925,2925,0,0,313.619075,752.0568798,USDT_ADA,exp_no_volume,0,8,0,-140.05
465.69,323.29,2646,2645,0,0,878.7557735,1107.833015,USDT_ETH,exp_no_volume,0,5,0,-142.4
235.69,91.61,1607,1607,0,0,358.6118992,752.0568798,USDT_ADA,exp_no_volume,0,29,0,-144.08
235.69,88.08,1017,1017,0,0,291.566627,752.0568798,USDT_ADA,exp_no_volume,0,74,0,-147.61
235.69,86.56,977,977,0,0,290.2159249,752.0568798,USDT_ADA,exp_no_volume,0,78,0,-149.13
465.69,313.7,2875,2874,0,0,853.5206595,1107.833015,USDT_ETH,exp_no_volume,0,4,0,-151.99
235.69,82.01,1624,1624,0,0,328.5006126,752.0568798,USDT_ADA,exp_no_volume,0,27,0,-153.68
235.69,81.28,1019,1019,0,0,286.7145373,752.0568798,USDT_ADA,exp_no_volume,0,73,0,-154.41
235.69,80.69,1698,1698,0,0,316.4587904,752.0568798,USDT_ADA,exp_no_volume,0,25,0,-155
300.87,145.37,2590,2589,0,0,291.4284622,590.3701844,USDT_BTC,exp_no_volume,0,5,0,-155.5
235.69,77.88,2096,2096,0,0,239.5646031,752.0568798,USDT_ADA,exp_no_volume,0,16,0,-157.81
235.69,77.88,1030,1030,0,0,272.7208957,752.0568798,USDT_ADA,exp_no_volume,0,71,0,-157.81
235.69,77.48,963,963,0,0,259.624184,752.0568798,USDT_ADA,exp_no_volume,0,79,0,-158.21
235.69,76.67,984,984,0,0,273.2918628,752.0568798,USDT_ADA,exp_no_volume,0,77,0,-159.02
235.69,76.5,1668,1668,0,0,308.5760753,752.0568798,USDT_ADA,exp_no_volume,0,26,0,-159.19
300.87,141.38,3227,3226,0,0,318.2037674,590.3701844,USDT_BTC,exp_no_volume,0,3,0,-159.49
235.69,70.65,2760,2760,0,0,270.5703601,752.0568798,USDT_ADA,exp_no_volume,0,9,0,-165.04
235.69,69.87,1732,1732,0,0,261.7459482,752.0568798,USDT_ADA,exp_no_volume,0,24,0,-165.82
235.69,69.5,991,991,0,0,255.5775477,752.0568798,USDT_ADA,exp_no_volume,0,76,0,-166.19
235.69,69.29,1618,1618,0,0,297.3180039,752.0568798,USDT_ADA,exp_no_volume,0,28,0,-166.4
235.69,66.54,1000,1000,0,0,254.7815979,752.0568798,USDT_ADA,exp_no_volume,0,75,0,-169.15
235.69,66.35,1024,1024,0,0,250.8046454,752.0568798,USDT_ADA,exp_no_volume,0,72,0,-169.34
235.69,62.06,1747,1747,0,0,244.1537418,752.0568798,USDT_ADA,exp_no_volume,0,23,0,-173.63
235.69,61.91,1985,1985,0,0,205.2682643,752.0568798,USDT_ADA,exp_no_volume,0,18,0,-173.78
300.87,122.33,2871,2870,0,0,265.7797395,590.3701844,USDT_BTC,exp_no_volume,0,4,0,-178.54
235.69,56.28,2043,2043,0,0,205.8988769,752.0568798,USDT_ADA,exp_no_volume,0,17,0,-179.41
300.87,118.78,1700,1699,0,0,287.6290107,590.3701844,USDT_BTC,exp_no_volume,0,12,0,-182.09
235.69,52.34,2151,2151,0,0,190.1602918,752.0568798,USDT_ADA,exp_no_volume,0,15,0,-183.35
235.69,49.32,1785,1785,0,0,205.9937148,752.0568798,USDT_ADA,exp_no_volume,0,22,0,-186.37
300.87,112.45,1636,1635,0,0,272.5275356,590.3701844,USDT_BTC,exp_no_volume,0,13,0,-188.42
235.69,46.98,2626,2626,0,0,204.0027901,752.0568798,USDT_ADA,exp_no_volume,0,10,0,-188.71
235.69,44,2508,2508,0,0,203.5961141,752.0568798,USDT_ADA,exp_no_volume,0,11,0,-191.69
465.69,273.77,2402,2401,0,0,697.6202607,1107.833015,USDT_ETH,exp_no_volume,0,6,0,-191.92
300.87,107.47,1514,1513,0,0,255.7550091,590.3701844,USDT_BTC,exp_no_volume,0,15,0,-193.4
235.69,39.81,1917,1917,0,0,177.0819545,752.0568798,USDT_ADA,exp_no_volume,0,19,0,-195.88
300.87,103.14,1752,1751,0,0,265.4274497,590.3701844,USDT_BTC,exp_no_volume,0,11,0,-197.73
235.69,37.14,2291,2291,0,0,183.4431071,752.0568798,USDT_ADA,exp_no_volume,0,13,0,-198.55
235.69,35.59,1826,1826,0,0,172.653271,752.0568798,USDT_ADA,exp_no_volume,0,21,0,-200.1
300.87,100.61,1570,1569,0,0,247.3963442,590.3701844,USDT_BTC,exp_no_volume,0,14,0,-200.26
235.69,35.29,2393,2393,0,0,193.954035,752.0568798,USDT_ADA,exp_no_volume,0,12,0,-200.4
300.87,98.44,1960,1959,0,0,258.8669681,590.3701844,USDT_BTC,exp_no_volume,0,9,0,-202.43
235.69,33.05,2210,2210,0,0,165.7083043,752.0568798,USDT_ADA,exp_no_volume,0,14,0,-202.64
465.69,261.92,2220,2219,0,0,656.7430157,1107.833015,USDT_ETH,exp_no_volume,0,7,0,-203.77
300.87,95.71,1269,1268,0,0,222.5813695,590.3701844,USDT_BTC,exp_no_volume,0,20,0,-205.16
300.87,95.59,2373,2372,0,0,230.062933,590.3701844,USDT_BTC,exp_no_volume,0,6,0,-205.28
235.69,29.85,1873,1873,0,0,166.2768631,752.0568798,USDT_ADA,exp_no_volume,0,20,0,-205.84
300.87,94.32,1455,1454,0,0,238.0912586,590.3701844,USDT_BTC,exp_no_volume,0,16,0,-206.55
300.87,93.07,2213,2212,0,0,242.8935373,590.3701844,USDT_BTC,exp_no_volume,0,7,0,-207.8
300.87,89.04,2059,2058,0,0,238.9977624,590.3701844,USDT_BTC,exp_no_volume,0,8,0,-211.83
300.87,87.49,871,871,0,0,216.3272386,590.3701844,USDT_BTC,exp_no_volume,0,43,0,-213.38
300.87,85.68,1846,1845,0,0,244.8566172,590.3701844,USDT_BTC,exp_no_volume,0,10,0,-215.19
300.87,82.63,1389,1388,0,0,212.7445776,590.3701844,USDT_BTC,exp_no_volume,0,17,0,-218.24
300.87,81.18,1307,1306,0,0,204.6719008,590.3701844,USDT_BTC,exp_no_volume,0,19,0,-219.69
300.87,79.16,1233,1232,0,0,186.7854699,590.3701844,USDT_BTC,exp_no_volume,0,21,0,-221.71
300.87,78.87,829,829,0,0,201.2611493,590.3701844,USDT_BTC,exp_no_volume,0,46,0,-222
300.87,78.29,893,893,0,0,201.361959,590.3701844,USDT_BTC,exp_no_volume,0,41,0,-222.58
300.87,77.95,1211,1210,0,0,188.3626116,590.3701844,USDT_BTC,exp_no_volume,0,22,0,-222.92
300.87,77.12,816,816,0,0,195.1473165,590.3701844,USDT_BTC,exp_no_volume,0,47,0,-223.75
300.87,74.97,879,879,0,0,195.7400817,590.3701844,USDT_BTC,exp_no_volume,0,42,0,-225.9
300.87,74.57,1338,1337,0,0,200.9344267,590.3701844,USDT_BTC,exp_no_volume,0,18,0,-226.3
300.87,71.73,787,787,0,0,177.5095301,590.3701844,USDT_BTC,exp_no_volume,0,49,0,-229.14
300.87,70.8,774,774,0,0,172.0059946,590.3701844,USDT_BTC,exp_no_volume,0,50,0,-230.07
300.87,70.17,837,837,0,0,187.4704733,590.3701844,USDT_BTC,exp_no_volume,0,45,0,-230.7
300.87,69.59,927,927,0,0,185.3484381,590.3701844,USDT_BTC,exp_no_volume,0,37,0,-231.28
300.87,68.75,849,849,0,0,183.3489987,590.3701844,USDT_BTC,exp_no_volume,0,44,0,-232.12
300.87,68.06,758,758,0,0,166.9543849,590.3701844,USDT_BTC,exp_no_volume,0,51,0,-232.81
300.87,67.41,798,798,0,0,174.3628742,590.3701844,USDT_BTC,exp_no_volume,0,48,0,-233.46
300.87,66.9,885,885,0,0,175.9746665,590.3701844,USDT_BTC,exp_no_volume,0,40,0,-233.97
300.87,66.06,727,727,0,0,166.4227036,590.3701844,USDT_BTC,exp_no_volume,0,54,0,-234.81
300.87,65.54,742,742,0,0,160.6368539,590.3701844,USDT_BTC,exp_no_volume,0,52,0,-235.33
300.87,65.46,917,917,0,0,172.2050345,590.3701844,USDT_BTC,exp_no_volume,0,38,0,-235.41
300.87,65.33,992,991,0,0,170.5295255,590.3701844,USDT_BTC,exp_no_volume,0,32,0,-235.54
300.87,64.82,1184,1183,0,0,171.7224189,590.3701844,USDT_BTC,exp_no_volume,0,23,0,-236.05
300.87,64.66,1021,1020,0,0,166.139353,590.3701844,USDT_BTC,exp_no_volume,0,31,0,-236.21
300.87,63.55,716,716,0,0,165.2046198,590.3701844,USDT_BTC,exp_no_volume,0,55,0,-237.32
300.87,63.18,733,733,0,0,158.4285641,590.3701844,USDT_BTC,exp_no_volume,0,53,0,-237.69
300.87,63.08,1033,1032,0,0,160.9051604,590.3701844,USDT_BTC,exp_no_volume,0,30,0,-237.79
300.87,60.92,969,969,0,0,167.5409249,590.3701844,USDT_BTC,exp_no_volume,0,33,0,-239.95
300.87,59.14,705,705,0,0,160.2251528,590.3701844,USDT_BTC,exp_no_volume,0,56,0,-241.73
300.87,57.84,958,958,0,0,161.6031138,590.3701844,USDT_BTC,exp_no_volume,0,34,0,-243.03
300.87,57.82,1154,1153,0,0,163.3319265,590.3701844,USDT_BTC,exp_no_volume,0,24,0,-243.05
300.87,57.1,894,894,0,0,158.2871775,590.3701844,USDT_BTC,exp_no_volume,0,39,0,-243.77
300.87,56.84,1116,1115,0,0,160.4441552,590.3701844,USDT_BTC,exp_no_volume,0,26,0,-244.03
300.87,56.15,689,689,0,0,153.1539739,590.3701844,USDT_BTC,exp_no_volume,0,58,0,-244.72
300.87,55.13,681,681,0,0,151.0775292,590.3701844,USDT_BTC,exp_no_volume,0,60,0,-245.74
300.87,54.97,1138,1137,0,0,159.3694826,590.3701844,USDT_BTC,exp_no_volume,0,25,0,-245.9
300.87,54.91,1065,1064,0,0,153.6916045,590.3701844,USDT_BTC,exp_no_volume,0,28,0,-245.96
300.87,54.18,1043,1042,0,0,153.7951332,590.3701844,USDT_BTC,exp_no_volume,0,29,0,-246.69
300.87,54.1,1092,1091,0,0,155.9392427,590.3701844,USDT_BTC,exp_no_volume,0,27,0,-246.77
300.87,52.8,682,682,0,0,145.6144268,590.3701844,USDT_BTC,exp_no_volume,0,59,0,-248.07
300.87,52.09,695,695,0,0,148.0520939,590.3701844,USDT_BTC,exp_no_volume,0,57,0,-248.78
300.87,50.92,663,663,0,0,141.1474359,590.3701844,USDT_BTC,exp_no_volume,0,61,0,-249.95
300.87,50.76,936,936,0,0,152.4878067,590.3701844,USDT_BTC,exp_no_volume,0,36,0,-250.11
465.69,215.43,2062,2061,0,0,530.0295856,1107.833015,USDT_ETH,exp_no_volume,0,8,0,-250.26
300.87,47.94,942,942,0,0,144.0733632,590.3701844,USDT_BTC,exp_no_volume,0,35,0,-252.93
300.87,47.9,599,599,0,0,127.9049329,590.3701844,USDT_BTC,exp_no_volume,0,70,0,-252.97
300.87,47.79,650,650,0,0,135.1135212,590.3701844,USDT_BTC,exp_no_volume,0,63,0,-253.08
300.87,47.76,601,601,0,0,129.1264036,590.3701844,USDT_BTC,exp_no_volume,0,69,0,-253.11
300.87,46.84,608,608,0,0,132.221371,590.3701844,USDT_BTC,exp_no_volume,0,68,0,-254.03
300.87,45.83,652,652,0,0,136.1398563,590.3701844,USDT_BTC,exp_no_volume,0,62,0,-255.04
300.87,43.87,625,625,0,0,127.8345261,590.3701844,USDT_BTC,exp_no_volume,0,65,0,-257
300.87,42.11,620,620,0,0,125.9728453,590.3701844,USDT_BTC,exp_no_volume,0,66,0,-258.76
300.87,42.06,610,610,0,0,126.573544,590.3701844,USDT_BTC,exp_no_volume,0,67,0,-258.81
300.87,39.84,582,582,0,0,118.2874175,590.3701844,USDT_BTC,exp_no_volume,0,72,0,-261.03
300.87,37.46,577,577,0,0,121.3125116,590.3701844,USDT_BTC,exp_no_volume,0,75,0,-263.41
300.87,36.99,543,543,0,0,122.6437037,590.3701844,USDT_BTC,exp_no_volume,0,78,0,-263.88
300.87,36.74,584,584,0,0,116.0457872,590.3701844,USDT_BTC,exp_no_volume,0,73,0,-264.13
300.87,36.52,593,593,0,0,118.3164524,590.3701844,USDT_BTC,exp_no_volume,0,71,0,-264.35
300.87,35.98,622,622,0,0,117.9496112,590.3701844,USDT_BTC,exp_no_volume,0,64,0,-264.89
300.87,35.92,579,579,0,0,116.4602319,590.3701844,USDT_BTC,exp_no_volume,0,74,0,-264.95
300.87,35.59,530,530,0,0,122.1092982,590.3701844,USDT_BTC,exp_no_volume,0,79,0,-265.28
300.87,35.05,554,554,0,0,116.8221684,590.3701844,USDT_BTC,exp_no_volume,0,77,0,-265.82
300.87,34.44,563,563,0,0,114.5423386,590.3701844,USDT_BTC,exp_no_volume,0,76,0,-266.43
465.69,167.91,1937,1936,0,0,446.634052,1107.833015,USDT_ETH,exp_no_volume,0,9,0,-297.78
465.69,149.24,1706,1705,0,0,372.0300243,1107.833015,USDT_ETH,exp_no_volume,0,12,0,-316.45
465.69,145.83,1283,1282,0,0,332.3107909,1107.833015,USDT_ETH,exp_no_volume,0,21,0,-319.86
465.69,134.83,1640,1639,0,0,340.1870867,1107.833015,USDT_ETH,exp_no_volume,0,13,0,-330.86
465.69,132.41,1577,1576,0,0,338.5791806,1107.833015,USDT_ETH,exp_no_volume,0,14,0,-333.28
465.69,131.26,1835,1834,0,0,362.0950609,1107.833015,USDT_ETH,exp_no_volume,0,10,0,-334.43
465.69,124.26,1533,1532,0,0,332.9632969,1107.833015,USDT_ETH,exp_no_volume,0,15,0,-341.43
465.69,124.11,1337,1336,0,0,309.4854722,1107.833015,USDT_ETH,exp_no_volume,0,19,0,-341.58
465.69,115,1310,1309,0,0,291.7793093,1107.833015,USDT_ETH,exp_no_volume,0,20,0,-350.69
465.69,114.42,1377,1376,0,0,300.9872404,1107.833015,USDT_ETH,exp_no_volume,0,18,0,-351.27
465.69,109.06,1216,1215,0,0,275.8316737,1107.833015,USDT_ETH,exp_no_volume,0,23,0,-356.63
465.69,107.5,1477,1476,0,0,286.1134185,1107.833015,USDT_ETH,exp_no_volume,0,16,0,-358.19
465.69,106.43,1236,1235,0,0,257.1467957,1107.833015,USDT_ETH,exp_no_volume,0,22,0,-359.26
465.69,100.48,1760,1759,0,0,305.8416228,1107.833015,USDT_ETH,exp_no_volume,0,11,0,-365.21
465.69,95,1186,1185,0,0,246.4649424,1107.833015,USDT_ETH,exp_no_volume,0,24,0,-370.69
465.69,91.52,1417,1416,0,0,262.3716325,1107.833015,USDT_ETH,exp_no_volume,0,17,0,-374.17
465.69,88.51,1058,1057,0,0,232.5573096,1107.833015,USDT_ETH,exp_no_volume,0,30,0,-377.18
465.69,85.47,1037,1036,0,0,222.1723803,1107.833015,USDT_ETH,exp_no_volume,0,31,0,-380.22
465.69,84.37,1076,1075,0,0,225.1146786,1107.833015,USDT_ETH,exp_no_volume,0,29,0,-381.32
465.69,81.4,1099,1098,0,0,220.8854045,1107.833015,USDT_ETH,exp_no_volume,0,28,0,-384.29
465.69,81.06,1014,1013,0,0,222.7190518,1107.833015,USDT_ETH,exp_no_volume,0,32,0,-384.63
465.69,78.19,927,926,0,0,229.5870103,1107.833015,USDT_ETH,exp_no_volume,0,39,0,-387.5
465.69,75.66,947,946,0,0,217.3456091,1107.833015,USDT_ETH,exp_no_volume,0,35,0,-390.03
465.69,75.61,808,807,0,0,233.8975712,1107.833015,USDT_ETH,exp_no_volume,0,50,0,-390.08
465.69,75.38,1165,1164,0,0,218.9556691,1107.833015,USDT_ETH,exp_no_volume,0,25,0,-390.31
465.69,75.21,1116,1115,0,0,213.9096781,1107.833015,USDT_ETH,exp_no_volume,0,27,0,-390.48
465.69,71.64,997,996,0,0,211.1120412,1107.833015,USDT_ETH,exp_no_volume,0,33,0,-394.05
465.69,71.55,868,867,0,0,217.8874278,1107.833015,USDT_ETH,exp_no_volume,0,43,0,-394.14
465.69,70.26,896,895,0,0,207.1924236,1107.833015,USDT_ETH,exp_no_volume,0,41,0,-395.43
465.69,70.12,971,970,0,0,213.9990884,1107.833015,USDT_ETH,exp_no_volume,0,34,0,-395.57
465.69,69.29,885,884,0,0,205.2194775,1107.833015,USDT_ETH,exp_no_volume,0,42,0,-396.4
465.69,69.1,1145,1144,0,0,218.5527302,1107.833015,USDT_ETH,exp_no_volume,0,26,0,-396.59
465.69,69.06,915,914,0,0,213.5923921,1107.833015,USDT_ETH,exp_no_volume,0,40,0,-396.63
465.69,68.45,852,851,0,0,220.5313062,1107.833015,USDT_ETH,exp_no_volume,0,44,0,-397.24
465.69,65.13,821,820,0,0,216.8729441,1107.833015,USDT_ETH,exp_no_volume,0,48,0,-400.56
465.69,64.16,812,811,0,0,217.529534,1107.833015,USDT_ETH,exp_no_volume,0,49,0,-401.53
465.69,63.02,828,827,0,0,219.9842771,1107.833015,USDT_ETH,exp_no_volume,0,47,0,-402.67
465.69,62.13,825,824,0,0,222.2540693,1107.833015,USDT_ETH,exp_no_volume,0,46,0,-403.56
465.69,61.71,930,929,0,0,198.2146854,1107.833015,USDT_ETH,exp_no_volume,0,38,0,-403.98
465.69,61.4,788,787,0,0,214.1959953,1107.833015,USDT_ETH,exp_no_volume,0,51,0,-404.29
465.69,56.42,939,938,0,0,185.0665434,1107.833015,USDT_ETH,exp_no_volume,0,37,0,-409.27
465.69,56.33,764,763,0,0,197.7230557,1107.833015,USDT_ETH,exp_no_volume,0,53,0,-409.36
465.69,55.82,833,832,0,0,204.9638182,1107.833015,USDT_ETH,exp_no_volume,0,45,0,-409.87
465.69,55.09,933,932,0,0,185.699412,1107.833015,USDT_ETH,exp_no_volume,0,36,0,-410.6
465.69,54.86,735,734,0,0,190.1269033,1107.833015,USDT_ETH,exp_no_volume,0,55,0,-410.83
465.69,54.28,776,775,0,0,200.0146794,1107.833015,USDT_ETH,exp_no_volume,0,52,0,-411.41
465.69,53.67,749,748,0,0,186.772569,1107.833015,USDT_ETH,exp_no_volume,0,54,0,-412.02
465.69,48.47,708,707,0,0,184.119264,1107.833015,USDT_ETH,exp_no_volume,0,57,0,-417.22
465.69,47.41,638,637,0,0,181.8542026,1107.833015,USDT_ETH,exp_no_volume,0,73,0,-418.28
465.69,47.3,724,723,0,0,177.9927921,1107.833015,USDT_ETH,exp_no_volume,0,56,0,-418.39
465.69,45,684,683,0,0,171.8811867,1107.833015,USDT_ETH,exp_no_volume,0,61,0,-420.69
465.69,44.04,634,633,0,0,175.1935829,1107.833015,USDT_ETH,exp_no_volume,0,74,0,-421.65
465.69,42.41,695,694,0,0,165.0278029,1107.833015,USDT_ETH,exp_no_volume,0,60,0,-423.28
465.69,42.3,644,643,0,0,173.5394404,1107.833015,USDT_ETH,exp_no_volume,0,72,0,-423.39
465.69,41.55,673,672,0,0,171.3640388,1107.833015,USDT_ETH,exp_no_volume,0,62,0,-424.14
465.69,41.52,607,606,0,0,172.1493595,1107.833015,USDT_ETH,exp_no_volume,0,79,0,-424.17
465.69,40.54,707,706,0,0,164.6321199,1107.833015,USDT_ETH,exp_no_volume,0,58,0,-425.15
465.69,40.41,610,609,0,0,169.0026517,1107.833015,USDT_ETH,exp_no_volume,0,78,0,-425.28
465.69,39.85,623,622,0,0,177.803078,1107.833015,USDT_ETH,exp_no_volume,0,76,0,-425.84
465.69,39.32,625,624,0,0,172.1158016,1107.833015,USDT_ETH,exp_no_volume,0,75,0,-426.37
465.69,37.43,666,665,0,0,168.7806237,1107.833015,USDT_ETH,exp_no_volume,0,63,0,-428.26
465.69,37.04,658,657,0,0,171.9983806,1107.833015,USDT_ETH,exp_no_volume,0,70,0,-428.65
465.69,36.13,673,672,0,0,170.7758469,1107.833015,USDT_ETH,exp_no_volume,0,65,0,-429.56
465.69,36.03,699,698,0,0,160.1188621,1107.833015,USDT_ETH,exp_no_volume,0,59,0,-429.66
465.69,34.89,659,658,0,0,164.081623,1107.833015,USDT_ETH,exp_no_volume,0,68,0,-430.8
465.69,34.33,652,651,0,0,166.5402543,1107.833015,USDT_ETH,exp_no_volume,0,71,0,-431.36
465.69,33.63,661,660,0,0,165.6414329,1107.833015,USDT_ETH,exp_no_volume,0,67,0,-432.06
465.69,33.21,665,664,0,0,162.4371414,1107.833015,USDT_ETH,exp_no_volume,0,66,0,-432.48
465.69,33.21,615,614,0,0,164.9451039,1107.833015,USDT_ETH,exp_no_volume,0,77,0,-432.48
465.69,32.14,666,665,0,0,163.8821138,1107.833015,USDT_ETH,exp_no_volume,0,64,0,-433.55
465.69,30.59,656,655,0,0,160.5475594,1107.833015,USDT_ETH,exp_no_volume,0,69,0,-435.1
